"lon","lat"
-89.4012302,43.0730517
-95.1182645,29.5377315
-85.323214,51.253775
-73.134961,40.789142
-95.712891,37.09024
-95.712891,37.09024
-79.3831843,43.653226
-80.1373174,26.1224386
-102.552784,23.634501
-85.7053085,42.9133602
-74.0059728,40.7127753
-79.3831843,43.653226
-80.256595,26.1669711
-118.1058333,34.0961111
-95.3698028,29.7604267
-79.9310512,32.7764749
-95.712891,37.09024
-95.712891,37.09024
-88.7878678,43.7844397
-75.1694502,39.9256138
-120.5542012,43.8041334
-122.4194155,37.7749295
-79.3831843,43.653226
-75.2854622,40.0067785
-81.7906847,38.4203709
19.5033041,47.162494
-74.0059728,40.7127753
-116.5452921,33.8302961
-74.0059728,40.7127753
-89.3985283,40.6331249
-74.4056612,40.0583238
-76.2858726,36.8507689
-79.9958864,40.4406248
-88.0075875,43.0494572
-104.6188943,50.4452112
-87.6297982,41.8781136
-73.9712488,40.7830603
-80.0734005,34.3740431
-106.346771,56.130366
-78.8783585,35.0526641
-74.90989,40.6367682
-106.346771,56.130366
-78.8783689,42.8864468
-76.7336521,39.9512496
-74.0059728,40.7127753
-74.0059728,40.7127753
-80.6326916,26.3013917
-77.6088465,43.1565779
-88.5433829,39.1200418
-86.1349019,40.2671941
-5.0527125,50.2660471
-77.004626,39.0207668
-79.3831843,43.653226
-81.8595756,40.2720151
-82.907123,40.4172871
-94.5785667,39.0997265
-76.976631,42.5234043
-97.654811,26.2625297
-84.1916069,39.7589478
-79.9568685,43.2665089
-85.6023643,44.3148443
-82.6817662,28.1808458
-77.4360481,37.5407246
-77.475551,43.1303407
-85.4011619,44.2519526
-81.6943605,41.49932
-121.0057931,40.3059999
-79.9958864,40.4406248
-77.4360481,37.5407246
-95.712891,37.09024
-74.0059728,40.7127753
-104.9121967,40.3369272
-80.1330264,40.1826017
-117.8311428,33.7174708
-82.546344,27.2669722
-118.6089752,34.165357
-95.9345034,41.2565369
-77.1945247,41.2033216
-78.6127766,34.6308865
-74.0059728,40.7127753
-74.0059728,40.7127753
-95.712891,37.09024
-106.346771,56.130366
-92.4453161,42.5348993
-79.9958864,40.4406248
-87.6297982,41.8781136
-74.0059728,40.7127753
-89.3985283,40.6331249
-95.712891,37.09024
-77.1945247,41.2033216
-75.4007058,39.9868904
-73.7948516,41.1220194
-81.5157535,27.6648274
-73.989306,41.1475954
-85.6023643,44.3148443
-75.6971931,45.4215296
-79.3831843,43.653226
-82.907123,40.4172871
-113.9940314,46.8721284
-82.907123,40.4172871
-74.1243063,40.8120171
-74.4120953,40.5187154
-86.5804473,35.5174913
-95.2091006,29.6910625
-81.3792365,28.5383355
-74.0059728,40.7127753
-96.1513627,32.3345888
-79.9958864,40.4406248
-82.4571776,27.950575
-78.8994672,37.8848619
-102.552784,23.634501
-82.8067126,37.5164758
-82.1910378,42.4048028
-95.712891,37.09024
-85.7584557,38.2526647
-75.1652215,39.9525839
-77.8868117,34.2103894
-90.1542848,41.4480902
-77.1945247,41.2033216
-85.6023643,44.3148443
-78.6381787,35.7795897
-82.9987942,39.9611755
-87.6403847,41.8823072
-77.6077865,38.7838939
-106.346771,56.130366
-85.323214,51.253775
-82.5306527,27.3364347
-85.6602058,30.1588129
-73.087749,41.6032207
-72.9278835,41.308274
-87.2169149,30.421309
-76.6121893,39.2903848
-80.0533746,26.7153424
-86.158068,39.768403
-75.6971931,45.4215296
-118.2436849,34.0522342
-76.6412712,39.0457549
-82.907123,40.4172871
-79.3831843,43.653226
18.643501,60.128161
-91.8318334,35.20105
-82.0105148,33.4734978
-118.2436849,34.0522342
-95.712891,37.09024
-75.1652215,39.9525839
-74.0059728,40.7127753
-80.4549026,38.5976262
-118.2436849,34.0522342
-96.4719312,32.7481845
-95.712891,37.09024
-89.2137254,43.1836046
-78.6568942,37.4315734
-84.5120196,39.1031182
-113.9940314,46.8721284
-84.3879824,33.7489954
-84.9877094,32.4609764
-81.6943605,41.49932
-87.0738851,20.6295586
-86.902298,32.3182314
-81.935143,40.8050565
-87.2169149,30.421309
-79.7011549,40.3245138
-91.2519017,43.8137751
-80.3445341,39.2806451
-86.1586156,41.6619927
-106.6367127,48.1969637
-84.5555347,42.732535
-87.6297982,41.8781136
-95.992775,36.1539816
-95.8243956,29.7857853
-86.7816016,36.1626638
-82.907123,40.4172871
-98.4936282,29.4241219
-120.5542012,43.8041334
-3.74922,40.463667
5.3419677,50.9738973
-82.907123,40.4172871
-97.7430608,30.267153
-84.3879824,33.7489954
-75.5993692,38.3606736
-93.6249593,41.5868353
-98.4936282,29.4241219
-83.0457538,42.331427
-100.3161126,25.6866142
-77.1945247,41.2033216
-94.1185366,36.3320196
-95.712891,37.09024
-104.990251,39.7392358
-77.2405153,38.9085472
-81.3792365,28.5383355
-122.3371809,48.4370202
-97.3307658,32.7554883
-91.5301683,41.6611277
-73.9973608,41.9270367
-105.1019275,40.1672068
-80.4706078,27.816415
-84.4277001,33.6407282
-115.1398296,36.1699412
-86.2483921,43.2341813
-94.2557663,35.2156489
-95.712891,37.09024
-73.9485424,40.744679
-77.1945247,41.2033216
-85.7584557,38.2526647
0.4690888,51.7343313
-72.589811,42.1014831
-79.3831843,43.653226
-90.0715323,29.9510658
-97.4094438,30.5707551
-73.9712488,40.7830603
-85.7584557,38.2526647
-87.6297982,41.8781136
-82.2223774,41.3978217
-122.0807964,37.6688205
-80.884049,43.0381628
-105.8700901,34.5199402
-82.9987942,39.9611755
-73.3812231,43.0281329
-74.4056612,40.0583238
-74.3587473,40.0918895
-74.4120953,40.5187154
-0.1322369,51.4825655
-82.9000751,32.1656221
-118.2436849,34.0522342
-87.6297982,41.8781136
-97.7430608,30.267153
-86.158068,39.768403
-123.1755444,49.1971768
-74.0059728,40.7127753
-89.3985283,32.3546679
-111.7609896,34.8697395
-84.8490961,36.8298299
-87.6297982,41.8781136
-84.2560299,35.7972998
-73.9712488,40.7830603
-93.2650108,44.977753
-98.8362755,24.26694
-74.0059728,40.7127753
-77.3324425,37.5059332
-118.2436849,34.0522342
-94.6858998,46.729553
-80.9450759,35.0073697
-85.3096801,35.0456297
-96.2368465,41.2831958
-91.2519017,43.8137751
-75.1946248,40.9867609
-78.6568942,37.4315734
-97.7430608,30.267153
-81.091203,32.0808989
-83.3671432,40.2364486
-73.9441579,40.6781784
-89.4012302,43.0730517
-104.8213634,38.8338816
-79.3757559,42.923366
-89.343727,43.2477685
-118.2436849,34.0522342
-122.4194155,37.7749295
-90.1994042,38.6270025
-93.2650108,44.977753
-80.0533746,26.7153424
-91.6656232,41.9778795
-84.3879824,33.7489954
-102.552784,23.634501
-73.087749,41.6032207
-118.2436849,34.0522342
-85.6023643,44.3148443
-100.9641429,25.4137247
-79.3831843,43.653226
-73.9441579,40.6781784
-85.6680863,42.9633599
-80.9871074,42.6645873
-77.0368707,38.9071923
-106.346771,56.130366
-119.1770516,34.1975048
-87.6297982,41.8781136
-79.6441198,43.5890452
-95.3698028,29.7604267
-87.6297982,41.8781136
-86.5861037,34.7303688
-90.0489801,35.1495343
-81.6943605,41.49932
-86.5263857,39.165325
-93.2650108,44.977753
-75.5276699,38.9108325
-85.6023643,44.3148443
-92.4453161,42.5348993
-87.6297982,41.8781136
-77.9638869,39.4562099
-86.902298,32.3182314
-73.134961,40.789142
-81.3792365,28.5383355
-74.0059728,40.7127753
-95.712891,37.09024
-94.3413168,34.0378916
-84.3879824,33.7489954
-95.3698028,29.7604267
-117.1483648,33.4936391
-93.7501789,32.5251516
-99.9018131,31.9685988
-118.7616764,34.1533395
-79.9030371,43.3247102
-90.1700748,29.9332605
-93.7501789,32.5251516
-80.4549026,38.5976262
-74.0059728,40.7127753
-94.5785667,39.0997265
-71.5723953,43.1938516
-98.4936282,29.4241219
-93.424529,37.297502
-95.712891,37.09024
-73.9712488,40.7830603
-93.2650108,44.977753
-79.6903316,44.3893556
-85.7584557,38.2526647
-86.8103567,33.5185892
-95.3698028,29.7604267
-82.4571776,27.950575
-75.1652215,39.9525839
-99.9018131,31.9685988
-95.3698028,29.7604267
-84.3879824,33.7489954
-76.6412712,39.0457549
-88.8183872,33.4503998
-3.3821421,51.6858341
77.167502,28.702554
-95.712891,37.09024
-86.7816016,36.1626638
-78.6381787,35.7795897
-79.0558445,35.9131996
-95.4655484,37.6821444
-74.417097,40.7598227
-84.3879824,33.7489954
-75.9446428,41.2403596
-77.816947,42.795896
-97.7430608,30.267153
-77.3063733,38.8462236
-87.5691735,33.2098407
-111.8910474,40.7607793
-81.7948103,26.1420358
-74.0059728,40.7127753
-74.4056612,40.0583238
-95.4799418,30.4249276
-95.712891,37.09024
-99.9018131,31.9685988
-84.9877094,32.4609764
-86.5804473,35.5174913
-75.7668095,45.4143492
-99.9018131,31.9685988
-79.3831843,43.653226
-82.9987942,39.9611755
-75.4557303,43.2128473
-97.5164276,35.4675602
-99.9018131,31.9685988
-79.3831843,43.653226
-81.6381785,41.2397772
-75.1652215,39.9525839
-76.4921829,38.9784453
-79.3831843,43.653226
-76.3055144,40.0378755
-115.1398296,36.1699412
-96.6988856,33.0198431
-81.5190053,41.0814447
-78.7811169,35.79154
-85.9562469,37.9161043
-87.8308522,33.6845539
-97.3702735,30.3496528
-105.5911007,41.3113669
-99.9018131,31.9685988
-93.2173758,30.2265949
-115.1398296,36.1699412
-99.9018131,31.9685988
-98.4936282,29.4241219
-72.7887705,41.9540614
-82.907123,40.4172871
-114.3517172,43.6971294
-102.552784,23.634501
-87.9372908,42.0664167
-90.0489801,35.1495343
-97.5164276,35.4675602
-80.1917902,25.7616798
-79.9958864,40.4406248
-77.0368707,38.9071923
-79.9958864,40.4406248
-75.1648981,39.9479837
-98.6750379,30.7593452
-87.4547635,41.6392024
-95.8632996,32.5565244
-97.7430608,30.267153
-99.9018131,41.4925374
-77.0368707,38.9071923
-89.3985283,32.3546679
-91.2519017,43.8137751
-95.3698028,29.7604267
-74.4056612,40.0583238
-83.0457538,42.331427
-106.346771,56.130366
-96.7969879,32.7766642
-91.8318334,37.9642529
-80.8431267,35.2270869
-97.7430608,30.267153
-85.6023643,44.3148443
-95.712891,37.09024
17.873887,-11.202692
-79.3831843,43.653226
-95.3698028,29.7604267
-86.1349019,40.2671941
-85.323214,51.253775
-88.0118473,41.7435073
-93.097702,41.8780025
-95.712891,37.09024
-90.5776367,41.5236437
-92.9593797,44.9238552
-77.8577673,38.8648561
-77.4291298,39.0066993
-84.3879824,33.7489954
-118.3525748,33.9164032
-76.2772223,39.4622357
-119.4902711,49.8607685
-95.3698028,29.7604267
-81.6114932,34.5029145
-99.9018131,31.9685988
-88.184236,30.6959406
-97.342782,31.0982344
-97.7430608,30.267153
-119.4179324,36.778261
-79.9958864,40.4406248
-74.2123681,41.0189861
-73.9441579,40.6781784
-88.7878678,43.7844397
-74.4056612,40.0583238
-95.712891,37.09024
-82.9987942,39.9611755
-79.3831843,43.653226
-75.1652215,39.9525839
-95.712891,37.09024
-95.6307891,31.7621153
-77.0368707,38.9071923
-95.712891,37.09024
-95.712891,37.09024
-97.1383744,49.895136
-91.9623327,30.9842977
-73.087749,41.6032207
-81.6943605,41.49932
-95.712891,37.09024
-99.9018131,31.9685988
-84.3879824,33.7489954
-76.6121893,39.2903848
-96.7025955,40.813616
-96.7898034,46.8771863
-69.4454689,45.253783
-87.6297982,41.8781136
-94.1185366,36.3320196
-94.1718542,36.082156
-78.4727976,42.5300624
-81.5615135,39.2667418
-95.7243335,37.2321077
-95.3102505,29.7751825
-80.4925337,43.4516395
-86.6750059,40.5875371
-95.3698028,29.7604267
-98.4936282,29.4241219
-85.1797142,42.3211522
-85.323214,51.253775
-99.9018131,31.9685988
-84.2700179,37.8393332
-95.266826,36.249758
-100.4370375,31.4637723
-87.3770488,44.8341302
-79.1126334,42.5673417
-104.990251,39.7392358
-87.6297982,41.8781136
-89.0939952,42.2711311
-79.3831843,43.653226
-97.7430608,30.267153
-105.2705456,40.0149856
-119.4179324,36.778261
-86.5313906,35.7574629
-95.6349463,29.6196787
-93.2650108,44.977753
-117.6861023,33.6469437
-74.0059728,40.7127753
-118.1669736,34.0224417
-95.3698028,29.7604267
-77.0368707,38.9071923
-80.0533746,26.7153424
-85.1393513,41.079273
-97.4394777,35.2225668
-102.552784,23.634501
-112.0740373,33.4483771
-118.5713823,34.456151
-85.6023643,44.3148443
-95.712891,37.09024
-74.2428535,40.5091468
-95.3698028,29.7604267
-84.3879824,33.7489954
-95.712891,37.09024
-97.8286409,28.0178986
-96.7969879,32.7766642
-95.712891,37.09024
-74.0059728,40.7127753
-99.9018131,31.9685988
-84.7932918,39.8569934
-92.4451371,31.3112936
-98.4104996,29.8405513
-81.6051221,41.012833
-100.3161126,25.6866142
-99.9018131,31.9685988
-95.712891,37.09024
-97.856109,27.5158689
-95.2860474,29.5635666
-79.3831843,43.653226
-99.9018131,31.9685988
-95.3698028,29.7604267
-97.092877,35.0077519
-96.7969879,32.7766642
-95.712891,37.09024
-86.8103567,33.5185892
-122.0807964,37.6688205
-77.0368707,38.9071923
-118.2436849,34.0522342
-121.8863286,37.3382082
-95.9345034,41.2565369
-95.712891,37.09024
-72.6624209,42.3471357
-117.5664384,33.8752935
-95.992775,36.1539816
-95.712891,37.09024
-81.8723084,26.640628
-74.0059728,40.7127753
-96.7969879,32.7766642
-97.1330683,33.2148412
-96.0665044,36.1467726
-96.7969879,32.7766642
-99.9018131,31.9685988
-97.5164276,35.4675602
-70.9328138,-17.1927361
-74.4056612,40.0583238
-96.7969879,32.7766642
-100.3161126,25.6866142
-95.3698028,29.7604267
-71.4774291,41.5800945
-89.3985283,40.6331249
-97.7430608,30.267153
-117.1610838,32.715738
-99.9018131,31.9685988
-79.9958864,40.4406248
-98.1750123,26.3069621
-97.9908366,26.1595194
-97.9908366,26.1595194
-85.4416363,36.4142281
-88.2433829,40.1164204
-95.712891,37.09024
-85.3096801,35.0456297
-96.6388833,32.912624
-113.4909267,53.544389
-105.7820674,39.5500507
-90.4429881,38.5126456
-89.6301221,44.9591352
-90.1994042,38.6270025
-95.712891,37.09024
-95.3698028,29.7604267
-98.2978951,26.0508406
-97.4394777,35.2225668
-108.5006904,45.7832856
-96.728333,43.5473028
-88.9548001,39.8403147
-95.992775,36.1539816
-119.4179324,36.778261
-79.9958864,40.4406248
-105.084423,40.5852602
-85.3863599,40.1933767
-74.0059728,40.7127753
-87.9064736,43.0389025
-95.712891,37.09024
-77.6418724,38.9756745
-97.1341783,32.9412363
-75.6971931,45.4215296
-99.9018131,41.4925374
-97.3593904,41.4302973
-87.81367,41.8794758
-73.134961,40.789142
-98.4842465,39.011902
-96.9375051,33.1626193
-97.396381,27.8005828
-97.4974838,25.9017472
-96.7969879,32.7766642
-0.378002,51.595172
-97.5164276,35.4675602
-95.712891,37.09024
-84.3879824,33.7489954
-77.0368707,38.9071923
-91.4887724,45.1002389
-94.4191177,39.2461138
-87.9375694,42.0953049
-110.588455,44.427963
18.643501,60.128161
-86.8026551,36.1447034
-88.0398912,30.6953657
-96.3344068,30.627977
-7.6920536,53.1423672
-84.5555347,42.732535
-97.092877,35.0077519
-43.1728965,-22.9068467
-98.4936282,29.4241219
-74.0059728,40.7127753
-85.7584557,38.2526647
-87.7845025,41.8850317
-88.5733979,40.0278116
-86.5804473,35.5174913
-92.2895948,34.7464809
-97.7430608,30.267153
-77.1945247,41.2033216
-85.323214,51.253775
-74.0059728,40.7127753
-88.4153847,44.2619309
-77.1872036,38.7892801
-97.092877,35.0077519
-95.933872,41.259207
-106.346771,56.130366
-88.1347927,41.9125286
-98.4530729,29.7438332
-99.9018131,31.9685988
-95.9345034,41.2565369
-86.7816016,36.1626638
-99.9018131,31.9685988
-88.2578582,42.1211364
-74.2082286,40.8690101
-95.3698028,29.7604267
-87.3770419,44.8341639
-75.0640602,39.8023363
-79.8711024,43.2557206
-98.5464068,28.9180294
-97.3307658,32.7554883
-84.9877094,32.4609764
-99.9018131,31.9685988
-95.712891,37.09024
-80.2481666,43.5448048
-85.3096801,35.0456297
-89.0550624,33.1237377
-74.0027418,40.7335719
-74.2179326,43.2994285
-87.6297982,41.8781136
-111.9388258,40.6677248
-95.3698028,29.7604267
-117.3754942,33.9806005
133.775136,-25.274398
-96.728333,43.5473028
-79.3831843,43.653226
-83.0457538,42.331427
-88.3161965,42.2411344
-95.712891,37.09024
-73.840231,41.1402322
-99.3267702,38.8791783
21.824312,39.074208
-90.445248,31.29293
-95.712891,37.09024
-95.712891,37.09024
-81.6943605,41.49932
-104.990251,39.7392358
-71.1286194,41.7695425
-117.7197785,34.0966764
-118.2436849,34.0522342
-75.3646282,41.1220337
-97.1383744,49.895136
-72.6203675,42.1070383
-93.6249593,41.5868353
-87.6297982,41.8781136
-88.0398912,30.6953657
-96.7969879,32.7766642
-86.4466599,36.3883809
-104.990251,39.7392358
-87.9064736,43.0389025
-120.5542012,43.8041334
-84.5999405,36.9889661
-105.2705456,40.0149856
-74.0059728,40.7127753
-95.712891,37.09024
-96.7969879,32.7766642
-79.3831843,43.653226
-75.1652215,39.9525839
-97.0466759,33.091788
-97.0647322,33.1540091
-111.3310568,45.8577705
-79.3831843,43.653226
-95.712891,37.09024
-108.5006904,45.7832856
-118.4911912,34.0194543
-98.3898726,40.5862583
-91.9623327,30.9842977
-95.7243335,37.2321077
-75.1652215,39.9525839
-91.8318334,37.9642529
-95.3698028,29.7604267
-103.8593697,44.4908172
-99.9018131,31.9685988
-86.9300023,35.751179
-84.4277001,33.6407282
-104.990251,39.7392358
-95.3698028,29.7604267
-105.0866504,39.9205411
-106.650422,35.0843859
-96.7969879,32.7766642
-77.1945247,41.2033216
-71.0588801,42.3600825
-89.3985283,40.6331249
-78.6381787,35.7795897
-87.1213953,35.9820074
-74.0059728,40.7127753
-74.0059728,40.7127753
-79.9958864,40.4406248
-79.3831843,43.653226
-78.898619,35.9940329
-73.7948516,40.7282239
-93.9892172,29.9354399
-86.7816016,36.1626638
-101.8312969,35.2219971
-121.6219177,39.7596061
-104.8319195,39.7294319
-75.1652215,39.9525839
-93.2922989,37.2089572
-75.6624122,41.408969
-79.6441198,43.5890452
-93.9993996,44.1635775
-84.3879824,33.7489954
-90.1994042,38.6270025
-85.6680863,42.9633599
-95.712891,37.09024
-95.3698028,29.7604267
-98.4936282,29.4241219
-91.4034833,38.0628225
-122.4852507,37.8590937
-95.712891,37.09024
-106.346771,56.130366
-96.3119743,30.616559
-94.5785667,39.0997265
-91.8318334,35.20105
-75.6054882,39.9606643
-106.346771,56.130366
-97.7430608,30.267153
-79.3831843,43.653226
-117.3794834,33.1958696
-82.9000751,32.1656221
-77.0368707,38.9071923
-99.9018131,31.9685988
-95.712891,37.09024
-74.4056612,40.0583238
-97.330053,37.6871761
-89.3985283,40.6331249
-93.097702,41.8780025
-106.346771,56.130366
8.468946,60.472024
-40.2949528,-20.3477821
-79.6441198,43.5890452
-90.1994042,38.6270025
-111.0937311,34.0489281
-77.1945247,41.2033216
-105.0786091,39.4591655
-92.9852183,45.2788561
-69.4454689,45.253783
-111.8412502,33.3061605
-81.8723084,26.640628
-97.092877,35.0077519
-96.7898034,46.8771863
-73.9918181,40.7637581
-95.9345034,41.2565369
-98.1633432,26.3017374
-97.1383744,49.895136
-99.9018131,31.9685988
-96.7025955,40.813616
-76.9066396,38.8040027
-88.7878678,43.7844397
-82.9987942,39.9611755
-79.0192997,35.7595731
-105.0772063,39.766098
-99.9018131,41.4925374
-85.323214,51.253775
-87.6297982,41.8781136
-74.0059728,40.7127753
-118.2436849,34.0522342
-80.1061859,44.3272376
-87.9064736,43.0389025
-83.9207392,35.9606384
-105.7820674,39.5500507
-75.6971931,45.4215296
-97.7430608,30.267153
-96.8291685,32.96179
-86.7816016,36.1626638
-95.712891,37.09024
-93.7130493,41.6709834
-87.6297982,41.8781136
-94.8191285,38.8813958
-122.3371809,48.4370202
-93.2650108,44.977753
-98.4936282,29.4241219
-87.6297982,41.8781136
-98.4842465,39.011902
-104.990251,39.7392358
-83.3188341,43.0514161
-95.712891,37.09024
-98.3898726,40.5862583
-97.1383744,49.895136
-96.7969879,32.7766642
-73.4151214,40.7934322
-95.940082,36.1445314
-74.0059728,40.7127753
-117.1610838,32.715738
-120.7401385,47.7510741
-111.6709584,32.7558935
-76.6019125,39.4014955
-105.1019275,40.1672068
-7.6920536,53.1423672
-97.1383744,49.895136
-90.6998477,38.8106075
-99.133208,19.4326077
-75.4007058,39.9868904
-82.5407213,40.4811721
-95.712891,37.09024
-85.7013104,38.2536728
-97.092877,35.0077519
-77.1945247,41.2033216
-95.3698028,29.7604267
-4.2026458,56.4906712
-93.2650108,44.977753
0.4690888,51.7343313
-97.330053,37.6871761
-79.0192997,35.7595731
-98.4842465,39.011902
-79.3831843,43.653226
-85.5872286,42.2917069
-93.2922989,37.2089572
-74.0059728,40.7127753
-106.650422,35.0843859
-104.8202462,41.1399814
-79.6441198,43.5890452
-105.7820674,39.5500507
-74.3957099,41.7170379
-94.6267873,39.1155314
-79.3831843,43.653226
-98.4842465,39.011902
-96.728333,43.5473028
-101.0020119,47.5514926
4.469936,50.503887
-96.8236116,33.1506744
-106.346771,56.130366
-75.1652215,39.9525839
-119.4179324,36.778261
-95.712891,37.09024
-87.6297982,41.8781136
-111.5863052,39.3596841
-119.4179324,36.778261
-93.834044,30.0343605
-73.9441579,40.6781784
-104.7091322,40.4233142
-85.323214,51.253775
-88.2006604,47.4071372
-120.5542012,43.8041334
-98.4936282,29.4241219
-120.7401385,47.7510741
-93.2650108,44.977753
-79.6441198,43.5890452
-117.8311428,33.7174708
-81.655651,30.3321838
-76.7952525,39.3673278
-81.1637245,33.836081
35.862285,33.854721
-95.9145568,41.1543623
-94.6858998,46.729553
-106.346771,56.130366
-96.8236116,33.1506744
-97.1383744,49.895136
-91.5301683,41.6611277
-85.323214,51.253775
-97.4780954,35.6528323
-117.8236391,33.7420005
-118.2436849,34.0522342
-89.3985283,32.3546679
-87.8533931,41.8639201
-99.9018131,31.9685988
-122.2711137,37.8043637
-74.0059728,40.7127753
-99.9018131,31.9685988
-110.966488,32.3909071
-80.2907618,25.7050697
-117.3794834,33.1958696
-0.1277583,51.5073509
-97.229298,32.9341893
-118.2436849,34.0522342
-97.7430608,30.267153
-79.3831843,43.653226
-96.7969879,32.7766642
25.7481511,61.92411
-79.3831843,43.653226
-75.0246312,39.926813
-104.8213634,38.8338816
-122.4194155,37.7749295
-105.5216651,40.3772059
-73.9441579,40.6781784
-103.1789711,44.0766092
-95.3698028,29.7604267
-104.990251,39.7392358
-87.9304455,43.038473
-99.9018131,31.9685988
-119.4179324,36.778261
-113.9940314,46.8721284
-76.6121893,39.2903848
-119.4179324,36.778261
-118.2436849,34.0522342
-74.0059728,40.7127753
-74.3222146,40.7016937
-78.4727976,42.5300624
-105.1319296,39.977763
-84.5555347,42.732535
-89.3985283,32.3546679
-77.9927651,35.3848841
-117.1610838,32.715738
-74.0059728,40.7127753
-118.2436849,34.0522342
-96.994174,33.046233
-119.4179324,36.778261
-117.1610838,32.715738
-73.9612887,41.9209018
-87.9064736,43.0389025
-95.7974526,36.060949
-95.712891,37.09024
-111.0937311,39.3209801
-82.9987942,39.9611755
-75.3136357,39.9856733
-74.0059728,40.7127753
-104.990251,39.7392358
-106.346771,56.130366
-93.097702,41.8780025
-87.6297982,41.8781136
-75.357609,45.2592652
-75.7496572,39.6837226
-77.6088465,43.1565779
-74.3587473,40.0918895
-120.4357191,34.9530337
-117.2296717,33.9424658
-99.9018131,31.9685988
-119.4179324,36.778261
-84.3879824,33.7489954
-86.3977735,39.8433769
-106.6700458,52.1332144
-74.0218063,41.0589855
-95.712891,37.09024
-74.1502007,40.5795317
-79.9958864,40.4406248
-79.3831843,43.653226
-106.346771,56.130366
-87.9064736,43.0389025
-95.712891,37.09024
-72.3547915,40.924616
-74.0059728,40.7127753
-85.6023643,44.3148443
-95.7243335,37.2321077
-74.0431435,40.7177545
-95.712891,37.09024
-122.4194155,37.7749295
-74.0059728,40.7127753
-82.907123,40.4172871
-81.6943605,41.49932
-85.6023643,44.3148443
-74.0059728,40.7127753
-66.58973,6.42375
-77.1945247,41.2033216
-97.4107128,35.463494
-74.0059728,40.7127753
-95.712891,37.09024
-90.4974359,38.7881062
-92.2895948,34.7464809
-104.8213634,38.8338816
-79.3831843,43.653226
-119.8138027,39.5296329
-95.712891,37.09024
-81.0228331,29.2108147
-92.1476353,32.5184775
-79.3831843,43.653226
-81.8661442,28.0582985
-95.3698028,29.7604267
-118.2436849,34.0522342
-88.2072697,40.1105875
133.775136,-25.274398
-85.1646726,34.257038
-94.5785667,39.0997265
-97.3307658,32.7554883
-96.7969879,32.7766642
-95.6751576,39.0473451
-74.0059728,40.7127753
-86.902298,32.3182314
-87.5772293,33.229007
-73.9801464,40.5938744
-75.6971931,45.4215296
-121.0160594,39.2615606
-77.0368707,38.9071923
-118.2436849,34.0522342
-120.7401385,47.7510741
-86.3997167,39.7628227
-89.9578688,36.7958866
-85.7157924,37.9883991
-98.4936282,29.4241219
-74.0059728,40.7127753
-74.0059728,40.7127753
-91.8318334,35.20105
-79.9958864,40.4406248
-106.346771,56.130366
-95.712891,37.09024
-118.2436849,34.0522342
-74.0059728,40.7127753
-118.2436849,34.0522342
-74.4518188,40.4862157
-77.4360481,37.5407246
-77.0368707,38.9071923
-81.3444573,35.7344538
-93.3385614,45.032187
-87.6297982,41.8781136
-102.552784,23.634501
-77.0072449,38.8975203
-79.3831843,43.653226
-85.323214,51.253775
-118.2436849,34.0522342
-75.1652215,39.9525839
-78.6568942,37.4315734
-106.346771,56.130366
-83.1932284,37.24954
-85.6023643,44.3148443
-114.1631275,47.6932004
-111.8910474,40.7607793
-93.2650108,44.977753
-78.6568942,37.4315734
-95.3698028,29.7604267
-79.3831843,43.653226
-118.2436849,34.0522342
3.515625,56.511018
-74.0059728,40.7127753
-117.2712717,32.8328112
-85.6680863,42.9633599
-120.7401385,47.7510741
-104.9597046,39.4369336
-78.6568942,37.4315734
-78.4766781,38.0293059
-76.1783739,40.0466571
-7.6920536,53.1423672
-121.8946761,36.6002378
-118.3286614,34.0928092
-94.8721556,31.4465701
35.862285,33.854721
-79.2317521,43.7764258
-82.9987942,39.9611755
-81.091203,32.0808989
-120.7401385,47.7510741
-89.8100858,35.0867577
-84.3879824,33.7489954
-76.6412712,39.0457549
-95.3698028,29.7604267
-76.7791365,39.0067768
-95.712891,37.09024
-5.0527125,50.2660471
-90.4784621,42.73416
-118.2436849,34.0522342
-74.0059728,40.7127753
-77.0368707,38.9071923
-97.1383744,49.895136
-75.3099136,38.7776124
-81.6943605,41.49932
-105.0813734,39.7047095
-95.712891,37.09024
-119.8138027,39.5296329
-114.8917978,47.1915937
-95.712891,37.09024
-79.7624177,43.7315479
-81.1637245,33.836081
-78.6381787,35.7795897
-119.4179324,36.778261
-77.1945247,41.2033216
-74.4056612,40.0583238
-117.1610838,32.715738
-95.7243335,37.2321077
-82.907123,40.4172871
-97.330053,37.6871761
-95.712891,37.09024
-74.2090053,40.8259007
-80.4549026,38.5976262
-77.2013705,39.1434406
-118.2436849,34.0522342
-74.0059728,40.7127753
-94.6858998,46.729553
-96.7969879,32.7766642
-82.9987942,39.9611755
-79.9958864,40.4406248
-74.4056612,40.0583238
-118.4911912,34.0194543
-74.4056612,40.0583238
120.9842195,14.5995124
-102.552784,23.634501
-118.2436849,34.0522342
-99.9018131,31.9685988
-95.6751576,39.0473451
-118.2436849,34.0522342
-80.1917902,25.7616798
-115.1398296,36.1699412
-74.0059728,40.7127753
-117.6126004,33.4273521
-90.1994042,38.6270025
-94.3985475,35.3859242
-90.0200982,38.680588
-106.650422,35.0843859
-79.3831843,43.653226
-74.0059728,40.7127753
-81.6943605,41.49932
-89.3985283,40.6331249
-87.6297982,41.8781136
-84.3879824,33.7489954
-122.0575434,37.387474
-117.7149438,33.5236744
-81.5157535,27.6648274
-122.0560977,37.6957125
-100.7004025,46.7624938
-92.1004852,46.7866719
-120.009351,38.19825
-95.712891,37.09024
-94.6858998,46.729553
-84.5120196,39.1031182
-78.8783689,42.8864468
-97.4394777,35.2225668
-79.3831843,43.653226
-99.9018131,31.9685988
-86.3648813,35.8486105
-81.3792365,28.5383355
-91.7715303,37.948544
-94.5785667,39.0997265
-94.5785667,39.0997265
-86.1066526,39.6136578
-74.0059728,40.7127753
-106.346771,56.130366
-76.0488458,43.0481962
-66.58973,6.42375
-119.4179324,36.778261
-89.4012302,43.0730517
-81.3792365,28.5383355
-79.8774042,43.5182991
-118.2436849,34.0522342
-74.0059728,40.7127753
-85.7584557,38.2526647
-73.9441579,40.6781784
-94.7335709,38.9536174
-74.0059728,40.7127753
-43.1728965,-22.9068467
-76.5396875,39.3773292
151.2092955,-33.8688197
-85.6206317,44.7630567
-79.3831843,43.653226
-97.7430608,30.267153
-119.7871247,36.7377981
-84.5120196,39.1031182
-79.3831843,43.653226
-74.4056612,40.0583238
-99.9018131,31.9685988
-121.8946761,36.6002378
-94.5785667,39.0997265
-97.092877,35.0077519
-74.0059728,40.7127753
-97.7430608,30.267153
-81.3792365,28.5383355
-71.4128343,41.8239891
-81.5157535,27.6648274
-98.6588945,49.4119389
-74.0059728,40.7127753
-121.8863286,37.3382082
-81.6943605,41.49932
-73.5387341,41.0534302
-74.0059728,40.7127753
-87.6297982,41.8781136
-119.0187125,35.3732921
-117.9002918,33.916475
-106.346771,56.130366
-104.8771726,39.5807452
-81.6943605,41.49932
-73.7562317,42.6525793
-85.323214,51.253775
-95.3698028,29.7604267
-97.1080656,32.735687
-95.712891,37.09024
-95.712891,37.09024
-97.4394777,35.2225668
-97.7430608,30.267153
-95.712891,37.09024
-73.4151214,40.7934322
-96.7969879,32.7766642
-118.2436849,34.0522342
-90.1994042,38.6270025
-96.7969879,32.7766642
-82.907123,40.4172871
-96.7969879,32.7766642
-93.2650108,44.977753
-95.712891,37.09024
-118.2436849,34.0522342
-87.7468071,41.9472058
-104.990251,39.7392358
-104.990251,39.7392358
-83.2341028,42.6875323
-75.1652215,39.9525839
-118.2436849,34.0522342
-97.7277959,31.1171194
-96.7969879,32.7766642
-71.4128343,41.8239891
-91.7715303,37.948544
-95.712891,37.09024
-95.712891,37.09024
-79.3831843,43.653226
-94.5785667,39.0997265
-79.3831843,43.653226
-87.6297982,41.8781136
-94.496935,39.132472
-76.5660529,42.9317335
-111.0937311,39.3209801
-88.7878678,43.7844397
-85.6023643,44.3148443
-79.8711024,43.2557206
-97.7430608,30.267153
-79.3831843,43.653226
-79.3831843,43.653226
-96.6988856,33.0198431
-97.1080656,32.735687
-75.1652215,39.9525839
-89.0264634,37.7739389
-91.2519017,43.8137751
18.643501,60.128161
-84.745231,39.5069974
-75.7012723,45.4765446
-73.3734547,40.6867667
-95.712891,37.09024
-80.1300455,25.790654
-77.0368707,38.9071923
-87.9064736,43.0389025
-74.0059728,40.7127753
-75.1652215,39.9525839
-87.6297982,41.8781136
-71.8022934,42.2625932
-79.3831843,43.653226
-85.323214,51.253775
-73.134961,40.789142
-99.9018131,31.9685988
-95.712891,37.09024
25.7481511,61.92411
-76.6121893,39.2903848
-95.3698028,29.7604267
-74.0059728,40.7127753
-79.3831843,43.653226
35.862285,33.854721
-76.6412712,39.0457549
-119.4179324,36.778261
133.775136,-25.274398
-95.712891,37.09024
-79.9958864,40.4406248
-106.346771,56.130366
-102.552784,23.634501
-95.411379,29.690412
-119.4179324,36.778261
-96.7969879,32.7766642
-106.346771,56.130366
-118.2436849,34.0522342
-73.9594438,40.7144279
-104.990251,39.7392358
-73.9712488,40.7830603
-97.092877,35.0077519
-84.3879824,33.7489954
-73.8830701,40.7556818
-78.8783689,42.8864468
-120.7401385,47.7510741
-97.330053,37.6871761
-74.0059728,40.7127753
-88.7878678,43.7844397
-96.9375051,33.1626193
-97.7430608,30.267153
-76.022836,45.5400699
-80.8431267,35.2270869
-117.1610838,32.715738
-74.0059728,40.7127753
-95.712891,37.09024
-75.1812913,40.9995386
-74.4056612,40.0583238
-74.0059728,40.7127753
-79.3831843,43.653226
-81.5157535,27.6648274
-73.8926498,40.7469662
-77.0368707,38.9071923
-81.6943605,41.49932
-106.346771,56.130366
-97.229298,32.9341893
-87.6297982,41.8781136
-96.7969879,32.7766642
-73.8201337,41.0550969
-75.7496572,39.6837226
-85.6680863,42.9633599
-84.6747523,45.0275126
-87.0611412,41.4730948
-93.6319131,42.0307812
-99.9018131,31.9685988
-106.346771,56.130366
-75.9207767,45.2585131
-120.5542012,43.8041334
-94.5785667,39.0997265
-77.297508,18.109581
-97.1383744,49.895136
-97.9550493,35.5322741
-83.0457538,42.331427
-79.3831843,43.653226
-97.7430608,30.267153
-115.1398296,36.1699412
-106.346771,56.130366
-78.8336218,35.6512655
-80.5204096,43.4642578
-95.712891,37.09024
-76.1474244,43.0481221
-88.1535352,41.7508391
-98.0678201,40.2016771
-91.6656232,41.9778795
-87.6610104,41.9340158
-120.5542012,43.8041334
-95.712891,37.09024
-72.5778415,44.5588028
-74.0059728,40.7127753
-118.3406288,33.8358492
-89.4012302,43.0730517
-106.346771,56.130366
-93.2009998,44.9374831
-118.2436849,34.0522342
-122.272747,37.8715926
-2.0784138,55.2082542
-95.712891,37.09024
-79.3831843,43.653226
-79.9958864,40.4406248
-118.3286614,34.0928092
-82.9987942,39.9611755
-75.0259637,39.4863773
-119.4179324,36.778261
-87.9875898,43.2966716
-76.93776,38.9896967
-79.3831843,43.653226
-79.3831843,43.653226
-79.7624177,43.7315479
-105.1019275,40.1672068
-75.1251743,40.0959438
-120.7401385,47.7510741
-79.6441198,43.5890452
-84.4010848,42.7469789
-69.4454689,45.253783
-79.3831843,43.653226
-85.6023643,44.3148443
-92.1735164,38.5767017
-93.2650108,44.977753
-95.712891,37.09024
-88.7878678,43.7844397
-74.113198,40.8814882
-74.0059728,40.7127753
2.3522219,48.856614
-118.1937395,33.7700504
-99.9018131,41.4925374
-73.9441579,40.6781784
-84.3879824,33.7489954
-119.4179324,36.778261
-74.0059728,40.7127753
-99.9018131,31.9685988
-82.9000751,32.1656221
-106.346771,56.130366
-104.990251,39.7392358
-95.712891,37.09024
-97.1383744,49.895136
-104.8213634,38.8338816
107.668887,-7.090911
-98.3420118,40.9263957
-115.1745559,36.1023715
-75.6971931,45.4215296
-74.4056612,40.0583238
-104.6188943,50.4452112
-106.346771,56.130366
-2.3444786,50.7487635
-74.0059728,40.7127753
-94.5785667,39.0997265
-115.1398296,36.1699412
-93.470786,44.8546856
-79.3831843,43.653226
-106.346771,56.130366
-87.9064736,43.0389025
-80.6326916,26.3013917
-111.0429339,45.6769979
-95.712891,37.09024
-106.650422,35.0843859
-85.1393513,41.079273
-90.2417434,29.9940924
-84.5120196,39.1031182
-97.0403352,32.8998091
-118.3089661,34.1808392
-122.0807964,37.6688205
-88.7878678,43.7844397
-81.5157535,27.6648274
-3.3821421,51.6858341
-89.3985283,40.6331249
-101.0020119,47.5514926
-87.6297982,41.8781136
-98.4842465,39.011902
-95.712891,37.09024
-77.0469214,38.8048355
-81.5157535,27.6648274
-92.9925577,44.8348405
-120.5542012,43.8041334
-95.9036356,36.0766378
-93.4750836,41.6435514
-149.4936733,64.2008413
-81.5157535,27.6648274
-106.6700458,52.1332144
-77.6088465,43.1565779
-117.8370968,33.6446621
-96.3394623,36.666845
-75.6971931,45.4215296
133.775136,-25.274398
-78.7542892,42.9071477
-122.4194155,37.7749295
-74.0059728,40.7127753
-75.9179738,42.0986867
-93.5691122,45.3377283
-82.7717684,28.0197404
-87.9631308,42.1662831
-75.3704579,40.6259316
-119.4179324,36.778261
-76.1474244,43.0481221
-119.4179324,36.778261
-97.0780654,32.9342919
-118.2436849,34.0522342
-97.8286368,32.4296296
-95.712891,37.09024
-88.9936873,40.4842027
-81.2452768,42.9849233
-97.4394777,35.2225668
-77.1945247,41.2033216
-87.8358943,41.9258642
-119.4179324,36.778261
-106.346771,56.130366
-99.8977954,40.3062583
-106.346771,56.130366
-120.7401385,47.7510741
-3.74922,40.463667
-87.6297982,41.8781136
-78.680016,33.8160058
-81.1637245,33.836081
-71.5723953,43.1938516
-80.359081,43.396002
-77.1772604,38.9338676
-93.2650108,44.977753
-117.602832,33.640171
-119.7674034,39.1637984
-97.1383744,49.895136
-81.0348144,34.0007104
-72.6733723,41.7658043
-94.5785667,39.0997265
-84.3879824,33.7489954
-70.8226541,43.9653889
-95.712891,37.09024
-74.0059728,40.7127753
-86.2911024,36.2081098
-98.320595,40.943912
-79.8711024,43.2557206
-81.6943605,41.49932
-75.4714098,40.6022939
-88.4153847,44.2619309
-117.1610838,32.715738
-105.084423,40.5852602
-106.346771,56.130366
-79.3831843,43.653226
-88.0132958,44.5133188
-95.992775,36.1539816
-93.097702,41.8780025
-79.3831843,43.653226
-72.8305154,41.8096201
-63.4168136,46.510712
-99.9018131,31.9685988
-95.712891,37.09024
-98.4842465,39.011902
-74.0059728,40.7127753
-97.1431396,49.8756134
-74.4056612,40.0583238
-98.4842465,39.011902
-95.712891,37.09024
-19.020835,64.963051
-78.7811169,35.79154
-73.7562317,42.6525793
-73.8648268,40.8447819
-84.263826,39.2689476
-75.6971931,45.4215296
-80.3083855,43.5805674
-115.1398296,36.1699412
-95.7243335,37.2321077
-95.712891,37.09024
-95.712891,37.09024
-120.5542012,43.8041334
-79.7833491,39.9987937
-78.6568942,37.4315734
-79.3831843,43.653226
-96.7025955,40.813616
-78.8783689,42.8864468
-122.5449763,37.9060368
-91.8318334,37.9642529
-110.5599556,45.6614105
-118.3406288,33.8358492
-75.6971931,45.4215296
-93.8802273,42.0597047
-74.0059728,40.7127753
-101.7005356,39.346373
-95.712891,37.09024
-77.8600012,40.7933949
-81.2452768,42.9849233
-122.0575434,37.387474
-84.9877094,32.4609764
-87.1638574,30.3571438
-80.085059,42.1292241
-82.5369872,28.4831682
-95.712891,37.09024
-104.6188943,50.4452112
-98.3898726,40.5862583
-95.712891,37.09024
-79.3831843,43.653226
-95.7243335,37.2321077
-106.346771,56.130366
-77.0368707,38.9071923
-79.3831843,43.653226
-96.1027371,29.3116366
-83.1499239,42.2142064
-83.5378674,41.6528052
-75.1932137,39.9522188
-95.0254839,29.5641184
-112.0740373,33.4483771
-75.1652215,39.9525839
-94.6858998,46.729553
-117.1610838,32.715738
-111.9400054,33.4255104
-74.0059728,40.7127753
-121.6543901,37.1305012
-73.087749,41.6032207
-73.657908,40.5884373
-81.8552196,41.143245
-74.0059728,40.7127753
-73.4540111,41.394817
-74.0059728,40.7127753
-81.3792365,28.5383355
-118.2436849,34.0522342
-118.2436849,34.0522342
-81.2452768,42.9849233
-102.552784,23.634501
-80.4925337,43.4516395
-81.2452768,42.9849233
-89.3985283,40.6331249
-98.4864829,45.4646985
-87.6297982,41.8781136
-88.0017261,41.673642
-84.3879824,33.7489954
-76.6412712,39.0457549
-77.4105409,39.4142688
-70.8226541,43.9653889
-73.9918181,40.7637581
-87.6297982,41.8781136
-89.3985283,40.6331249
-79.3831843,43.653226
-83.0457538,42.331427
-106.346771,56.130366
-75.2340768,39.427337
-83.9207392,35.9606384
-93.9993996,44.1635775
-94.6858998,46.729553
-118.2436849,34.0522342
-87.9656098,41.5119761
-105.8700901,34.5199402
-95.712891,37.09024
-97.3307658,32.7554883
-80.3144276,43.3616211
-112.0740373,33.4483771
-85.7100393,43.1608578
-74.0059728,40.7127753
-75.6971931,45.4215296
-81.6943605,41.49932
-99.9018131,31.9685988
-79.9958864,40.4406248
-74.0059728,40.7127753
-79.9958864,40.4406248
-106.346771,56.130366
-95.712891,37.09024
-106.650422,35.0843859
-81.3792365,28.5383355
-106.346771,56.130366
-95.9345034,41.2565369
-75.946324,43.2644105
-85.323214,51.253775
-87.6297982,41.8781136
-81.3792365,28.5383355
-118.2436849,34.0522342
-75.6971931,45.4215296
-93.6018389,44.7893446
-103.8532906,49.6632836
-87.6297982,41.8781136
-118.3636665,34.0628452
-96.728333,43.5473028
-93.2650108,44.977753
-87.6297982,41.8781136
-95.9345034,41.2565369
-85.323214,51.253775
-94.6858998,46.729553
-85.323214,51.253775
-106.346771,56.130366
-93.161604,44.4582983
-81.6943605,41.49932
-122.4194155,37.7749295
-85.7584557,38.2526647
-112.0740373,33.4483771
-93.4040679,48.6023149
-77.0368707,38.9071923
-82.4571776,27.950575
-87.6297982,41.8781136
-74.0059728,40.7127753
-73.7948516,40.7282239
-83.0457538,42.331427
-112.4685025,34.5400242
-94.6858998,46.729553
-97.1383744,49.895136
-95.712891,37.09024
-95.712891,37.09024
-110.9559192,29.0729673
-80.993029,46.4917317
-97.1383744,49.895136
-1.7850351,53.645792
14.4378005,50.0755381
-77.0424008,38.9039773
-86.1349019,40.2671941
-73.948845,40.777291
-84.3879824,33.7489954
-75.1298939,40.3101063
-105.2705456,40.0149856
